{
    "metadata": {
        "last_updated": "2025-01-11T02:01:34.899890",
        "version": "1.0"
    },
    "mlb": {
        "American Family Field": {
            "location": "Milwaukee Wisconsin",
            "team": "Milwaukee Brewers",
            "latitude": 43.028631000000004,
            "longitude": -87.97315850879934,
            "display_name": "American Family Field, 1, Brewers Way, Story Hill, Milwaukee, Milwaukee County, Wisconsin, 53214, United States",
            "type": "house",
            "last_verified": "2025-01-11T02:01:39.419965"
        },
        "Angel Stadium": {
            "location": "Anaheim California",
            "team": "Los Angeles Angels",
            "latitude": 33.8002599,
            "longitude": -117.88174262759796,
            "display_name": "Angel Stadium of Anaheim, 2000, East Gene Autry Way, Anaheim Resort District, Anaheim, Orange County, California, 92806, United States",
            "type": "stadium",
            "last_verified": "2025-01-11T02:01:41.265135"
        },
        "Busch Stadium": {
            "location": "St Louis Missouri",
            "team": "St Louis Cardinals",
            "latitude": 38.6225541,
            "longitude": -90.19392053372312,
            "display_name": "Busch Stadium, 700, Clark Avenue, Downtown, Saint Louis, Missouri, 63101, United States",
            "type": "stadium",
            "last_verified": "2025-01-11T02:01:43.417981"
        },
        "Chase Field": {
            "location": "Phoenix Arizona",
            "team": "Arizona Diamondbacks",
            "latitude": 33.44548555,
            "longitude": -112.06669283293144,
            "display_name": "Chase Field, East Jefferson Street, Phoenix, Maricopa County, Arizona, 85004, United States",
            "type": "stadium",
            "last_verified": "2025-01-11T02:01:44.677020"
        },
        "Citi Field": {
            "location": "Queens New York",
            "team": "New York Mets",
            "latitude": 40.757277849999994,
            "longitude": -73.84587884942417,
            "display_name": "Citi Field, 41, Seaver Way, Corona, Queens, Queens County, City of New York, New York, 11368, United States",
            "type": "stadium",
            "last_verified": "2025-01-11T02:01:46.129109"
        },
        "Citizens Bank Park": {
            "location": "Philadelphia Pennsylvania",
            "team": "Philadelphia Phillies",
            "latitude": 39.905885749999996,
            "longitude": -75.16541101747245,
            "display_name": "Citizens Bank Park, Pattison Avenue, South Philadelphia Sports Complex, South Philadelphia, Philadelphia, Philadelphia County, Pennsylvania, 19145, United States",
            "type": "stadium",
            "last_verified": "2025-01-11T02:01:47.430082"
        },
        "Comerica Park": {
            "location": "Detroit Michigan",
            "team": "Detroit Tigers",
            "latitude": 42.33922185,
            "longitude": -83.04886315283433,
            "display_name": "Comerica Park, Brush Street, Greektown, Midtown, Detroit, Wayne County, Michigan, 48226, United States",
            "type": "stadium",
            "last_verified": "2025-01-11T02:01:48.658211"
        },
        "Coors Field": {
            "location": "Denver Colorado",
            "team": "Colorado Rockies",
            "latitude": 39.7560314,
            "longitude": -104.99292855531493,
            "display_name": "Coors Field, 2001, Blake Street, Five Points, Denver, Colorado, 80205, United States",
            "type": "stadium",
            "last_verified": "2025-01-11T02:01:49.895828"
        },
        "Daikin Park": {
            "location": "Houston Texas",
            "team": "Houston Astros",
            "latitude": 29.75723205,
            "longitude": -95.35523443643919,
            "display_name": "Daikin Park, 501, Crawford Street, Downtown, Houston, Harris County, Texas, 77004, United States",
            "type": "stadium",
            "last_verified": "2025-01-11T02:01:51.174862"
        },
        "Dodger Stadium": {
            "location": "Los Angeles California",
            "team": "Los Angeles Dodgers",
            "latitude": 34.0736263,
            "longitude": -118.23897581574036,
            "display_name": "Dodger Stadium, 1000, Vin Scully Avenue, Chinatown, Los Angeles, Los Angeles County, California, 90012, United States",
            "type": "stadium",
            "last_verified": "2025-01-11T02:01:52.805212"
        },
        "Fenway Park": {
            "location": "Boston Massachusetts",
            "team": "Boston Red Sox",
            "latitude": 42.346461399999995,
            "longitude": -71.09709985343964,
            "display_name": "Fenway Park, 4, Jersey Street, Audubon Circle, Fenway-Kenmore, Boston, Suffolk County, Massachusetts, 02115, United States",
            "type": "stadium",
            "last_verified": "2025-01-11T02:01:54.115602"
        },
        "George M Steinbrenner Field": {
            "location": "Tampa Florida",
            "team": "Tampa Bay Rays",
            "latitude": 27.98016445,
            "longitude": -82.50665417600176,
            "display_name": "George M. Steinbrenner Field, 1, Steinbrenner Drive, Drew Park, Tampa, Hillsborough County, Florida, 33614, United States",
            "type": "stadium",
            "last_verified": "2025-01-11T02:01:55.365256"
        },
        "Globe Life Field": {
            "location": "Arlington Texas",
            "team": "Texas Rangers",
            "latitude": 32.74760655,
            "longitude": -97.08410630166019,
            "display_name": "Globe Life Field, 734, Stadium Drive, Arlington, Tarrant County, Texas, 76011, United States",
            "type": "stadium",
            "last_verified": "2025-01-11T02:01:56.593532"
        },
        "Great American Ball Park": {
            "location": "Cincinnati Ohio",
            "team": "Cincinnati Reds",
            "latitude": 39.097248449999995,
            "longitude": -84.50662325533993,
            "display_name": "Great American Ball Park, Broadway Street, Lytle Park Historic District, Central Business District, Cincinnati, Hamilton County, Ohio, 45202, United States",
            "type": "stadium",
            "last_verified": "2025-01-11T02:01:57.991817"
        },
        "Kauffman Stadium": {
            "location": "Kansas City Missouri",
            "team": "Kansas City Royals",
            "latitude": 39.0514715,
            "longitude": -94.48139730530374,
            "display_name": "Kauffman Stadium, 1, Royal Way, Kansas City, Jackson County, Missouri, 64129, United States",
            "type": "stadium",
            "last_verified": "2025-01-11T02:01:59.508059"
        },
        "LoanDepot Park": {
            "location": "Miami Florida",
            "team": "Miami Marlins",
            "latitude": 25.778112200000002,
            "longitude": -80.21954935570128,
            "display_name": "loanDepot Park, Northwest 6th Street, Miami, Miami-Dade County, Florida, 33128, United States",
            "type": "stadium",
            "last_verified": "2025-01-11T02:02:00.763325"
        },
        "Nationals Park": {
            "location": "Washington D C",
            "team": "Washington Nationals",
            "latitude": 38.87274095,
            "longitude": -77.00838588569519,
            "display_name": "Nationals Park, 1500, South Capitol Street Southeast, Ward 8, Washington, District of Columbia, 20590, United States",
            "type": "stadium",
            "last_verified": "2025-01-11T02:02:02.009273"
        },
        "Oracle Park": {
            "location": "San Francisco California",
            "team": "San Francisco Giants",
            "latitude": 37.7786119,
            "longitude": -122.39026745425639,
            "display_name": "Oracle Park, 24, Willie Mays Plaza, South Beach, South of Market, San Francisco, California, 94107, United States",
            "type": "stadium",
            "last_verified": "2025-01-11T02:02:03.541294"
        },
        "Oriole Park at Camden Yards": {
            "location": "Baltimore Maryland",
            "team": "Baltimore Orioles",
            "latitude": 39.283738299999996,
            "longitude": -76.62160555637811,
            "display_name": "Oriole Park at Camden Yards, Eutaw Street, Baltimore, Maryland, 21201, United States",
            "type": "stadium",
            "last_verified": "2025-01-11T02:02:04.779804"
        },
        "Petco Park": {
            "location": "San Diego California",
            "team": "San Diego Padres",
            "latitude": 32.70718815,
            "longitude": -117.15687730689476,
            "display_name": "Petco Park, 100, Park Boulevard, East Village, San Diego, San Diego County, California, 92101, United States",
            "type": "stadium",
            "last_verified": "2025-01-11T02:02:06.329726"
        },
        "PNC Park": {
            "location": "Pittsburgh Pennsylvania",
            "team": "Pittsburgh Pirates",
            "latitude": 40.4469258,
            "longitude": -80.00560626612204,
            "display_name": "PNC Park, Federal Street, North Shore, Pittsburgh, Allegheny County, Pennsylvania, 15222, United States",
            "type": "stadium",
            "last_verified": "2025-01-11T02:02:07.743495"
        },
        "Progressive Field": {
            "location": "Cleveland Ohio",
            "team": "Cleveland Guardians",
            "latitude": 41.496090550000005,
            "longitude": -81.68513191630367,
            "display_name": "Progressive Field, 2401, Ontario Street, Downtown Cleveland, Cleveland, Cuyahoga County, Ohio, 44115, United States",
            "type": "stadium",
            "last_verified": "2025-01-11T02:02:08.971324"
        },
        "Rate Field": {
            "location": "Chicago Illinois",
            "team": "Chicago White Sox",
            "latitude": 41.82969195,
            "longitude": -87.6337919325,
            "display_name": "Guaranteed Rate Field, 333, West 35th Street, Armour Square, Chicago, Cook County, Illinois, 60616, United States",
            "type": "stadium",
            "last_verified": "2025-01-11T02:02:10.365642"
        },
        "Rogers Centre": {
            "location": "Toronto Ontario",
            "team": "Toronto Blue Jays",
            "latitude": 34.0021024,
            "longitude": -117.59012655000001,
            "display_name": "Toronto Paseo, Ontario Ranch, Ontario, San Bernardino County, California, 91752, United States",
            "type": "residential",
            "last_verified": "2025-01-11T02:02:12.852391"
        },
        "Sutter Health Park": {
            "location": "West Sacramento California",
            "team": "Athletics",
            "latitude": 38.5803717,
            "longitude": -121.51340969641876,
            "display_name": "Sutter Health Park, 400, Ballpark Drive, Peethill, West Sacramento, Yolo County, California, 95691, United States",
            "type": "attraction",
            "last_verified": "2025-01-11T02:02:14.461371"
        },
        "T-Mobile Park": {
            "location": "Seattle Washington",
            "team": "Seattle Mariners",
            "latitude": 47.59148535,
            "longitude": -122.33209936747002,
            "display_name": "T-Mobile Park, South Royal Brougham Way, Yesler Terrace, Seattle, King County, Washington, 98104, United States",
            "type": "pitch",
            "last_verified": "2025-01-11T02:02:15.744415"
        },
        "Target Field": {
            "location": "Minneapolis Minnesota",
            "team": "Minnesota Twins",
            "latitude": 44.98168445,
            "longitude": -93.27786434576453,
            "display_name": "Target Field, 1, Twins Way, Minneapolis, Hennepin County, Minnesota, 55403, United States",
            "type": "stadium",
            "last_verified": "2025-01-11T02:02:17.028304"
        },
        "Truist Park": {
            "location": "Cumberland Georgia",
            "team": "Atlanta Braves",
            "latitude": 33.850289599999996,
            "longitude": -83.46220569059889,
            "display_name": "Cumberland, Oconee County, Georgia, United States",
            "type": "residential",
            "last_verified": "2025-01-11T02:02:19.447308"
        },
        "Wrigley Field": {
            "location": "Chicago Illinois",
            "team": "Chicago Cubs",
            "latitude": 41.94818455,
            "longitude": -87.65555899980043,
            "display_name": "Wrigley Field, 1060, West Addison Street, Wrigleyville, Lake View, Chicago, Lake View Township, Cook County, Illinois, 60613, United States",
            "type": "stadium",
            "last_verified": "2025-01-11T02:02:20.668788"
        },
        "Yankee Stadium": {
            "location": "Bronx New York",
            "team": "New York Yankees",
            "latitude": 40.82958275,
            "longitude": -73.92652118491901,
            "display_name": "Yankee Stadium, 1, East 161st Street, The Bronx, Bronx County, City of New York, New York, 10451, United States",
            "type": "stadium",
            "last_verified": "2025-01-11T02:02:21.995922"
        }
    },
    "mls": {
        "Allianz Field": {
            "location": "Saint Paul Minnesota",
            "team": "Minnesota United FC",
            "latitude": 44.953139,
            "longitude": -93.164687068773,
            "display_name": "Allianz Field, Simpson Street, Snelling - Hamline, Union Park, Saint Paul, Ramsey County, Minnesota, 55104, United States",
            "type": "stadium",
            "last_verified": "2025-01-11T02:02:23.931761"
        },
        "America First Field": {
            "location": "Sandy Utah",
            "team": "Real Salt Lake",
            "latitude": 40.58295325,
            "longitude": -111.89331198903758,
            "display_name": "America First Field, Rimando Way, Wallace Heights, Sandy, Salt Lake County, Utah, 84070, United States",
            "type": "stadium",
            "last_verified": "2025-01-11T02:02:25.186680"
        },
        "Audi Field": {
            "location": "Washington D C",
            "team": "D C United",
            "latitude": 38.8682612,
            "longitude": -77.01260923427638,
            "display_name": "Audi Field, 100, Potomac Avenue Southwest, Buzzard Point, Ward 6, Washington, District of Columbia, 20024, United States",
            "type": "stadium",
            "last_verified": "2025-01-11T02:02:26.428306"
        },
        "Bank of America Stadium": {
            "location": "Charlotte North Carolina",
            "team": "Charlotte FC",
            "latitude": 35.22579505,
            "longitude": -80.85385877910787,
            "display_name": "Bank of America Stadium, 800, South Mint Street, Third Ward, Uptown, Charlotte, Mecklenburg County, North Carolina, 28202, United States",
            "type": "stadium",
            "last_verified": "2025-01-11T02:02:27.757471"
        },
        "BC Place": {
            "location": "Vancouver, British Columbia",
            "team": "Vancouver Whitecaps FC",
            "latitude": 49.276667,
            "longitude": -123.111944,
            "display_name": "BC Place, Vancouver, British Columbia, Canada",
            "type": "stadium",
            "last_verified": "2025-01-11T02:03:30.000000"
        },
        "BMO Field": {
            "location": "Toronto Ontario",
            "team": "Toronto FC",
            "latitude": 34.0021024,
            "longitude": -117.59012655000001,
            "display_name": "Toronto Paseo, Ontario Ranch, Ontario, San Bernardino County, California, 91752, United States",
            "type": "residential",
            "last_verified": "2025-01-11T02:02:32.606582"
        },
        "BMO Stadium": {
            "location": "Los Angeles California",
            "team": "Los Angeles FC",
            "latitude": 34.012814,
            "longitude": -118.28408924153342,
            "display_name": "BMO Stadium, South Coliseum Drive, Exposition Park, Los Angeles, Los Angeles County, California, 90037, United States",
            "type": "stadium",
            "last_verified": "2025-01-11T02:02:34.150255"
        },
        "Chase Stadium": {
            "location": "Fort Lauderdale Florida",
            "team": "Inter Miami CF",
            "latitude": 26.193242599999998,
            "longitude": -80.16068004851059,
            "display_name": "Chase Stadium, Northwest 55th Street, Fort Lauderdale, Broward County, Florida, 33309, United States",
            "type": "stadium",
            "last_verified": "2025-01-11T02:02:36.122697"
        },
        "Children's Mercy Park": {
            "location": "Kansas City Kansas",
            "team": "Sporting Kansas City",
            "latitude": 39.1216438,
            "longitude": -94.82335037131475,
            "display_name": "Children's Mercy Park, Sporting Way, Village West, Kansas City, Wyandotte County, Kansas, 66109, United States",
            "type": "stadium",
            "last_verified": "2025-01-11T02:02:37.581799"
        },
        "Dick's Sporting Goods Park": {
            "location": "Commerce City Colorado",
            "team": "Colorado Rapids",
            "latitude": 39.8059455,
            "longitude": -104.89192187416558,
            "display_name": "Dick's Sporting Goods Park, 6000, Victory Way, Commerce City, Adams County, Colorado, 80022, United States",
            "type": "stadium",
            "last_verified": "2025-01-11T02:02:38.906711"
        },
        "Dignity Health Sports Park": {
            "location": "Carson California",
            "team": "Los Angeles Galaxy",
            "latitude": 33.862286100000006,
            "longitude": -118.26298217870493,
            "display_name": "Dignity Health Sports Park, Pepperdine Drive, Carson, Los Angeles County, California, 90746, United States",
            "type": "sports_centre",
            "last_verified": "2025-01-11T02:02:40.300438"
        },
        "Energizer Park": {
            "location": "St Louis Missouri",
            "team": "St Louis City SC",
            "latitude": 38.6312745,
            "longitude": -90.21029348779302,
            "display_name": "Energizer Park, 2019, Market Street, Downtown West, Saint Louis, Missouri, 63103, United States",
            "type": "stadium",
            "last_verified": "2025-01-11T02:02:41.881031"
        },
        "Gillette Stadium": {
            "location": "Foxborough Massachusetts",
            "team": "New England Revolution",
            "latitude": 42.0912414,
            "longitude": -71.26428668984177,
            "display_name": "Gillette Stadium, 1, Patriot Place, Foxborough, Norfolk County, Massachusetts, 02035, United States",
            "type": "stadium",
            "last_verified": "2025-01-11T02:02:43.124154"
        },
        "Geodis Park": {
            "location": "Nashville Tennessee",
            "team": "Nashville SC",
            "latitude": 36.1301519,
            "longitude": -86.76602219054595,
            "display_name": "GEODIS Park, Benton Avenue, Wedgewood-Houston, Nashville, Davidson County, Middle Tennessee, Tennessee, 37210, United States",
            "type": "stadium",
            "last_verified": "2025-01-11T02:02:44.354925"
        },
        "Inter Co Stadium": {
            "location": "Orlando Florida",
            "team": "Orlando City SC",
            "latitude": 28.541115,
            "longitude": -81.38914281009198,
            "display_name": "Inter&Co Stadium, West Pine Street, Parramore, Orlando, Orange County, Florida, 32801, United States",
            "type": "stadium",
            "last_verified": "2025-01-11T02:02:45.599161"
        },
        "Lower com Field": {
            "location": "Columbus Ohio",
            "team": "Columbus Crew",
            "latitude": 39.96869845,
            "longitude": -83.01698889290324,
            "display_name": "Lower.com Field, 96, Columbus Crew Way, Flytown, Columbus, Franklin County, Ohio, 43215, United States",
            "type": "stadium",
            "last_verified": "2025-01-11T02:02:46.843287"
        },
        "Lumen Field": {
            "location": "Seattle Washington",
            "team": "Seattle Sounders FC",
            "latitude": 47.5953459,
            "longitude": -122.33164431196111,
            "display_name": "Lumen Field, 800, Occidental Avenue South, Yesler Terrace, Seattle, King County, Washington, 98134, United States",
            "type": "stadium",
            "last_verified": "2025-01-11T02:02:48.085707"
        },
        "Mercedes-Benz Stadium": {
            "location": "Atlanta Georgia",
            "team": "Atlanta United FC",
            "latitude": 33.7554123,
            "longitude": -84.40084932004368,
            "display_name": "Mercedes-Benz Stadium, 1414, Andrew Young International Boulevard, Castleberry Hill, Atlanta, Fulton County, Georgia, 30313, United States",
            "type": "stadium",
            "last_verified": "2025-01-11T02:02:49.328391"
        },
        "PayPal Park": {
            "location": "San Jose California",
            "team": "San Jose Earthquakes",
            "latitude": 37.35130865,
            "longitude": -121.92467197349785,
            "display_name": "PayPal Park, 1123, Coleman Avenue, North San Jose, San Jose, Santa Clara County, California, 95110, United States",
            "type": "stadium",
            "last_verified": "2025-01-11T02:02:50.939520"
        },
        "Providence Park": {
            "location": "Portland Oregon",
            "team": "Portland Timbers",
            "latitude": 45.521529099999995,
            "longitude": -122.69181850068495,
            "display_name": "Providence Park, Southwest 18th Avenue, Goose Hollow, Portland, Multnomah County, Oregon, 97205, United States",
            "type": "stadium",
            "last_verified": "2025-01-11T02:02:52.249968"
        },
        "Q2 Stadium": {
            "location": "Austin Texas",
            "team": "Austin FC",
            "latitude": 30.2711286,
            "longitude": -97.7436995,
            "display_name": "Austin, Travis County, Texas, United States",
            "type": "administrative",
            "last_verified": "2025-01-11T02:02:54.825377"
        },
        "Saputo Stadium": {
            "location": "Montreal, Quebec",
            "team": "CF Montréal",
            "latitude": 45.563056,
            "longitude": -73.552500,
            "display_name": "Saputo Stadium, Montreal, Quebec, Canada",
            "type": "stadium",
            "last_verified": "2025-01-11T02:03:30.000000"
        },
        "Shell Energy Stadium": {
            "location": "Houston Texas",
            "team": "Houston Dynamo FC",
            "latitude": 29.7520265,
            "longitude": -95.35234094693865,
            "display_name": "Shell Energy Stadium, Capitol Street, East Downtown, Houston, Harris County, Texas, 77003, United States",
            "type": "stadium",
            "last_verified": "2025-01-11T02:02:58.533931"
        },
        "Snapdragon Stadium": {
            "location": "San Diego California",
            "team": "San Diego FC",
            "latitude": 32.78418875,
            "longitude": -117.12169820746657,
            "display_name": "Snapdragon Stadium, 1, Stadium Way, San Diego, San Diego County, California, 92182, United States",
            "type": "stadium",
            "last_verified": "2025-01-11T02:03:00.007105"
        },
        "Soldier Field": {
            "location": "Chicago Illinois",
            "team": "Chicago Fire FC",
            "latitude": 41.86245145,
            "longitude": -87.61671514704074,
            "display_name": "Soldier Field, 1410, South Special Olympics Drive, Near South Side, Chicago, Cook County, Illinois, 60605, United States",
            "type": "stadium",
            "last_verified": "2025-01-11T02:03:01.348508"
        },
        "Sports Illustrated Stadium": {
            "location": "Harrison New Jersey",
            "team": "New York Red Bulls",
            "latitude": 40.7464901,
            "longitude": -74.1562551,
            "display_name": "Harrison, Hudson County, New Jersey, 07029, United States",
            "type": "administrative",
            "last_verified": "2025-01-11T02:03:03.843170"
        },
        "Subaru Park": {
            "location": "Chester Pennsylvania",
            "team": "Philadelphia Union",
            "latitude": 39.832909400000005,
            "longitude": -75.37847387081464,
            "display_name": "Subaru Park, 1, Seaport Drive, South Chester, Chester, Delaware County, Pennsylvania, 19013, United States",
            "type": "stadium",
            "last_verified": "2025-01-11T02:03:05.081231"
        },
        "Toyota Stadium": {
            "location": "Frisco Texas",
            "team": "FC Dallas",
            "latitude": 33.1549042,
            "longitude": -96.83526928863985,
            "display_name": "Toyota Stadium, 9200, World Cup Way, Frisco, Collin County, Texas, 75034, United States",
            "type": "stadium",
            "last_verified": "2025-01-11T02:03:06.334273"
        },
        "TQL Stadium": {
            "location": "Cincinnati Ohio",
            "team": "FC Cincinnati",
            "latitude": 39.111168250000006,
            "longitude": -84.522219527077,
            "display_name": "TQL Stadium, 1501, Central Parkway, Betts-Longworth Historic District, West End, Cincinnati, Hamilton County, Ohio, 45214, United States",
            "type": "stadium",
            "last_verified": "2025-01-11T02:03:07.561654"
        },
        "Yankee Stadium": {
            "location": "The Bronx New York",
            "team": "New York City FC",
            "latitude": 40.82958275,
            "longitude": -73.92652118491901,
            "display_name": "Yankee Stadium, 1, East 161st Street, The Bronx, Bronx County, City of New York, New York, 10451, United States",
            "type": "stadium",
            "last_verified": "2025-01-11T02:03:09.137075"
        }
    }
}